{"__MACOSX/test-1/._README.MD": [0.118552, 0.035566, 0.154118, 0.055324, 0.108673, 0.162021, 0.059276, 0.116576, 0.213394, 0.065204, 0.112625, 0.223274, 0.213394, 0.351705, 0.213394, 0.098794, 0.199563, 0.18178, 0.063228, 0.169925, 0.39715, 0.15807, 0.217346, 0.221298, 0.140287, 0.223274, 0.12448, 0.0, 0.0, 0.150166, 0.0, 0.0, 0.0, 0.100769, 0.0, 0.0, 0.086938, 0.051373, 0.0, 0.0, 0.0, 0.165973, 0.0, 0.0, 0.0, 0.0, 0.0, 0.0, 0.0, 0.0, 0.0, 0.0, 0.039517, 0.0, 0.0, 0.0, 0.0, 0.0, 0.0, 0.011855, 0.0, 0.0, 0.094842, 0.122504], "__MACOSX/test-1/api/._server.ts": [0.118552, 0.035566, 0.154118, 0.055324, 0.108673, 0.162021, 0.059276, 0.116576, 0.213394, 0.065204, 0.112625, 0.223274, 0.213394, 0.351705, 0.213394, 0.098794, 0.199563, 0.18178, 0.063228, 0.169925, 0.39715, 0.15807, 0.217346, 0.221298, 0.140287, 0.223274, 0.12448, 0.0, 0.0, 0.150166, 0.0, 0.0, 0.0, 0.100769, 0.0, 0.0, 0.086938, 0.051373, 0.0, 0.0, 0.0, 0.165973, 0.0, 0.0, 0.0, 0.0, 0.0, 0.0, 0.0, 0.0, 0.0, 0.0, 0.039517, 0.0, 0.0, 0.0, 0.0, 0.0, 0.0, 0.011855, 0.0, 0.0, 0.094842, 0.122504], "__MACOSX/test-1/auth/._login.js": [0.118552, 0.035566, 0.154118, 0.055324, 0.108673, 0.162021, 0.059276, 0.116576, 0.213394, 0.065204, 0.112625, 0.223274, 0.213394, 0.351705, 0.213394, 0.098794, 0.199563, 0.18178, 0.063228, 0.169925, 0.39715, 0.15807, 0.217346, 0.221298, 0.140287, 0.223274, 0.12448, 0.0, 0.0, 0.150166, 0.0, 0.0, 0.0, 0.100769, 0.0, 0.0, 0.086938, 0.051373, 0.0, 0.0, 0.0, 0.165973, 0.0, 0.0, 0.0, 0.0, 0.0, 0.0, 0.0, 0.0, 0.0, 0.0, 0.039517, 0.0, 0.0, 0.0, 0.0, 0.0, 0.0, 0.011855, 0.0, 0.0, 0.094842, 0.122504], "__MACOSX/test-1/auth/._token.js": [0.118552, 0.035566, 0.154118, 0.055324, 0.108673, 0.162021, 0.059276, 0.116576, 0.213394, 0.065204, 0.112625, 0.223274, 0.213394, 0.351705, 0.213394, 0.098794, 0.199563, 0.18178, 0.063228, 0.169925, 0.39715, 0.15807, 0.217346, 0.221298, 0.140287, 0.223274, 0.12448, 0.0, 0.0, 0.150166, 0.0, 0.0, 0.0, 0.100769, 0.0, 0.0, 0.086938, 0.051373, 0.0, 0.0, 0.0, 0.165973, 0.0, 0.0, 0.0, 0.0, 0.0, 0.0, 0.0, 0.0, 0.0, 0.0, 0.039517, 0.0, 0.0, 0.0, 0.0, 0.0, 0.0, 0.011855, 0.0, 0.0, 0.094842, 0.122504], "__MACOSX/test-1/config/._settings.json": [0.118552, 0.035566, 0.154118, 0.055324, 0.108673, 0.162021, 0.059276, 0.116576, 0.213394, 0.065204, 0.112625, 0.223274, 0.213394, 0.351705, 0.213394, 0.098794, 0.199563, 0.18178, 0.063228, 0.169925, 0.39715, 0.15807, 0.217346, 0.221298, 0.140287, 0.223274, 0.12448, 0.0, 0.0, 0.150166, 0.0, 0.0, 0.0, 0.100769, 0.0, 0.0, 0.086938, 0.051373, 0.0, 0.0, 0.0, 0.165973, 0.0, 0.0, 0.0, 0.0, 0.0, 0.0, 0.0, 0.0, 0.0, 0.0, 0.039517, 0.0, 0.0, 0.0, 0.0, 0.0, 0.0, 0.011855, 0.0, 0.0, 0.094842, 0.122504], "__MACOSX/test-1/db/._user_repo.py": [0.118552, 0.035566, 0.154118, 0.055324, 0.108673, 0.162021, 0.059276, 0.116576, 0.213394, 0.065204, 0.112625, 0.223274, 0.213394, 0.351705, 0.213394, 0.098794, 0.199563, 0.18178, 0.063228, 0.169925, 0.39715, 0.15807, 0.217346, 0.221298, 0.140287, 0.223274, 0.12448, 0.0, 0.0, 0.150166, 0.0, 0.0, 0.0, 0.100769, 0.0, 0.0, 0.086938, 0.051373, 0.0, 0.0, 0.0, 0.165973, 0.0, 0.0, 0.0, 0.0, 0.0, 0.0, 0.0, 0.0, 0.0, 0.0, 0.039517, 0.0, 0.0, 0.0, 0.0, 0.0, 0.0, 0.011855, 0.0, 0.0, 0.094842, 0.122504], "__MACOSX/test-1/utils/._crypto.ts": [0.118552, 0.035566, 0.154118, 0.055324, 0.108673, 0.162021, 0.059276, 0.116576, 0.213394, 0.065204, 0.112625, 0.223274, 0.213394, 0.351705, 0.213394, 0.098794, 0.199563, 0.18178, 0.063228, 0.169925, 0.39715, 0.15807, 0.217346, 0.221298, 0.140287, 0.223274, 0.12448, 0.0, 0.0, 0.150166, 0.0, 0.0, 0.0, 0.100769, 0.0, 0.0, 0.086938, 0.051373, 0.0, 0.0, 0.0, 0.165973, 0.0, 0.0, 0.0, 0.0, 0.0, 0.0, 0.0, 0.0, 0.0, 0.0, 0.039517, 0.0, 0.0, 0.0, 0.0, 0.0, 0.0, 0.011855, 0.0, 0.0, 0.094842, 0.122504], "test-1/README.MD": [0.198467, 0.042431, 0.164249, 0.124555, 0.192992, 0.012319, 0.188886, 0.157405, 0.157405, 0.169724, 0.075281, 0.121818, 0.020531, 0.135505, 0.068437, 0.113606, 0.168355, 0.13003, 0.088968, 0.139612, 0.120449, 0.175199, 0.091706, 0.026006, 0.020531, 0.098549, 0.083493, 0.078018, 0.187518, 0.11908, 0.154668, 0.180674, 0.061593, 0.064331, 0.101287, 0.080756, 0.049275, 0.135505, 0.087599, 0.045168, 0.149193, 0.157405, 0.134137, 0.14098, 0.194361, 0.094443, 0.124555, 0.112237, 0.143718, 0.088968, 0.079387, 0.142349, 0.11908, 0.13003, 0.067068, 0.062962, 0.135505, 0.139612, 0.199836, 0.062962, 0.11908, 0.117712, 0.146455, 0.105393], "test-1/api/server.ts": [0.122954, 0.093354, 0.140411, 0.10145, 0.16824, 0.128014, 0.163433, 0.131303, 0.171529, 0.103474, 0.159891, 0.111064, 0.116883, 0.124472, 0.126496, 0.131303, 0.094366, 0.11916, 0.137881, 0.169505, 0.151796, 0.107522, 0.109799, 0.115871, 0.10904, 0.095378, 0.167228, 0.131556, 0.12599, 0.134592, 0.098667, 0.157108, 0.095631, 0.155337, 0.134086, 0.104486, 0.112076, 0.116124, 0.13358, 0.093101, 0.120424, 0.116377, 0.143953, 0.132821, 0.129785, 0.098161, 0.079187, 0.098414, 0.088294, 0.089053, 0.10651, 0.105498, 0.130544, 0.134086, 0.092089, 0.125737, 0.152049, 0.107775, 0.113594, 0.101956, 0.113341, 0.130544, 0.138893, 0.152302], "test-1/auth/login.js": [0.16404, 0.11705, 0.14738, 0.138836, 0.10637, 0.168312, 0.10637, 0.127302, 0.104234, 0.219575, 0.093127, 0.162332, 0.148662, 0.085438, 0.172584, 0.125166, 0.103807, 0.074758, 0.160623, 0.107652, 0.134992, 0.086719, 0.12004, 0.110215, 0.128584, 0.12004, 0.082875, 0.092273, 0.153361, 0.109787, 0.09569, 0.125166, 0.058525, 0.094836, 0.081166, 0.034175, 0.116622, 0.135419, 0.129438, 0.087574, 0.118331, 0.092273, 0.088855, 0.129865, 0.122603, 0.150798, 0.179846, 0.16404, 0.088428, 0.099535, 0.14439, 0.044855, 0.150798, 0.137128, 0.167458, 0.075185, 0.095263, 0.098681, 0.184118, 0.155497, 0.113205, 0.094409, 0.163613, 0.086292], "test-1/auth/token.js": [0.097319, 0.131981, 0.13998, 0.106651, 0.125649, 0.080322, 0.126649, 0.155311, 0.145312, 0.129981, 0.124649, 0.110318, 0.120983, 0.088321, 0.121983, 0.13598, 0.11565, 0.086654, 0.130648, 0.151978, 0.101652, 0.13898, 0.122316, 0.154644, 0.157977, 0.139313, 0.102319, 0.076989, 0.119316, 0.148645, 0.144313, 0.100652, 0.116317, 0.18264, 0.123649, 0.115317, 0.135314, 0.134981, 0.092987, 0.138647, 0.150978, 0.125982, 0.11765, 0.104652, 0.087987, 0.154311, 0.13998, 0.16131, 0.149645, 0.156644, 0.141313, 0.120983, 0.091654, 0.085988, 0.103652, 0.140646, 0.134981, 0.078655, 0.124982, 0.086988, 0.114317, 0.125649, 0.104985, 0.06899], "test-1/config/settings.json": [0.183817, 0.170552, 0.234983, 0.153497, 0.233088, 0.227403, 0.335419, 0.009475, 0.032215, 0.104226, 0.217928, 0.180027, 0.297519, 0.136442, 0.01516, 0.111806, 0.03032, 0.172447, 0.132652, 0.092856, 0.060641, 0.166762, 0.079591, 0.087171, 0.045481, 0.106121, 0.085276, 0.089066, 0.03411, 0.017055, 0.051166, 0.053061, 0.087171, 0.01137, 0.075801, 0.178132, 0.089066, 0.073906, 0.068221, 0.119387, 0.155392, 0.01137, 0.140232, 0.066326, 0.064431, 0.02274, 0.01895, 0.153497, 0.045481, 0.125072, 0.047376, 0.028425, 0.089066, 0.170552, 0.147812, 0.0, 0.094751, 0.081486, 0.094751, 0.130757, 0.005685, 0.056851, 0.039796, 0.098541], "test-1/db/user_repo.py": [0.156422, 0.134232, 0.095332, 0.113687, 0.061911, 0.115604, 0.137246, 0.130123, 0.139437, 0.192582, 0.160257, 0.107386, 0.15697, 0.093689, 0.138068, 0.142177, 0.142725, 0.114235, 0.118618, 0.147382, 0.090127, 0.143273, 0.168475, 0.117248, 0.123275, 0.132315, 0.150943, 0.138616, 0.127932, 0.092319, 0.112865, 0.105468, 0.106016, 0.147382, 0.088484, 0.141081, 0.10492, 0.131767, 0.130671, 0.106564, 0.101633, 0.107386, 0.12848, 0.106564, 0.113413, 0.116974, 0.144094, 0.142177, 0.074513, 0.133137, 0.103551, 0.126562, 0.12711, 0.114508, 0.120261, 0.143547, 0.099716, 0.155326, 0.114782, 0.113139, 0.114235, 0.108482, 0.108208, 0.083553],